Proje Adı,İstasyon Adı,İlçe
T1 Kabataş - Bağcılar Tramvay Hattı,Mehmet Akif,Bahçelievler
M4 Kadıköy - SGH Metro Hattı,Soğanlık,Kartal
M1A Yenikapı - Atatürk Havalimanı Metro Hattı,Aksaray,Fatih
M9 Bahariye - Olimpiyat Metro Hattı,Olimpiyat,Başakşehir
T4 Topkapı - Mescid-i Selam Tramvay Hattı,Sağmalcılar-Pancar Motor,Gaziosmanpaşa
T4 Topkapı - Mescid-i Selam Tramvay Hattı,Karadeniz,Gaziosmanpaşa
Halkalı - Gebze Marmaray Yüzeysel Raylı Sistem Hattı,Bakırköy,Bakırköy
Halkalı - Gebze Marmaray Yüzeysel Raylı Sistem Hattı,Erenköy,Kadıköy
M4 Kadıköy - SGH Metro Hattı,Pendik,Pendik
M4 Kadıköy - SGH Metro Hattı,Yakacık - Adnan Kahveci,Kartal
Halkalı - Gebze Marmaray Yüzeysel Raylı Sistem Hattı,Güzelyalı,Pendik
M5 Üsküdar - Çekmeköy Metro Hattı,Çarşı,Ümraniye
Halkalı - Gebze Marmaray Yüzeysel Raylı Sistem Hattı,İdealtepe,Maltepe
M5 Üsküdar - Çekmeköy Metro Hattı,Üsküdar,Üsküdar
M7 Yıldız - Mahmutbey Metro Hattı,Göztepe Mah.,Bağcılar
T3 Kadıköy - Moda Nostaljik Tramvay Hattı,Altıyol,Kadıköy
T1 Kabataş - Bağcılar Tramvay Hattı,Güngören,Güngören
T5 Eminönü - Alibeyköy Cep Otogarı Tramvay Hattı,Üniversite,Eyüpsultan
T5 Eminönü - Alibeyköy Cep Otogarı Tramvay Hattı,Alibeyköy Merkez,Eyüpsultan
T5 Eminönü - Alibeyköy Cep Otogarı Tramvay Hattı,Alibeyköy Metro,Eyüpsultan
Eminönü - Eyüp - Alibeyköy Tramvay Hattı,Alibeyköy Cep Otogarı,Eyüpsultan
T5 Eminönü - Alibeyköy Cep Otogarı Tramvay Hattı,Cibali,Fatih
T4 Topkapı - Mescid-i Selam Tramvay Hattı,Fetihkapı,Zeytinburnu
M2 Yenikapı Seyrantepe - Hacıosman Metro Hattı,Sanayi Mah.,Sarıyer
T1 Kabataş - Bağcılar Tramvay Hattı,Tophane,Beyoğlu
M3 Kirazlı - Kayaşehir Merkez Metro Hattı,Kirazlı,Bağcılar
T1 Kabataş - Bağcılar Tramvay Hattı,Gülhane,Fatih
M3 Kirazlı - Kayaşehir Merkez Metro Hattı,Siteler,Başakşehir
T3 Kadıköy - Moda Nostaljik Tramvay Hattı,Bahariye,Kadıköy
M2 Yenikapı Seyrantepe - Hacıosman Metro Hattı,Levent,Şişli
T1 Kabataş - Bağcılar Tramvay Hattı,Topkapı,Zeytinburnu
T1 Kabataş - Bağcılar Tramvay Hattı,Merkezefendi,Zeytinburnu
T1 Kabataş - Bağcılar Tramvay Hattı,Yavuz Selim Camii,Güngören
Halkalı - Gebze Marmaray Yüzeysel Raylı Sistem Hattı,Yeşilyurt,Bakırköy
Halkalı - Gebze Marmaray Yüzeysel Raylı Sistem Hattı,Tersane,Pendik
Halkalı - Gebze Marmaray Yüzeysel Raylı Sistem Hattı,Halkalı,Küçükçekmece
M7 Yıldız - Mahmutbey Metro Hattı,Mahmutbey,Bağcılar
M4 Kadıköy - SGH Metro Hattı,Ünalan,Üsküdar
T5 Eminönü - Alibeyköy Cep Otogarı Tramvay Hattı,Fener,Fatih
T4 Topkapı - Mescid-i Selam Tramvay Hattı,Yenimahalle,Sultangazi
M1A Yenikapı - Atatürk Havalimanı Metro Hattı,Otogar,Bayrampaşa
T4 Topkapı - Mescid-i Selam Tramvay Hattı,Habibler,Sultangazi
M3 Kirazlı - Kayaşehir Merkez Metro Hattı,Başak Konutları,Başakşehir
M2 Yenikapı Seyrantepe - Hacıosman Metro Hattı,4. Levent,Kağıthane
M1A Yenikapı - Atatürk Havalimanı Metro Hattı,Esenler,Esenler
T3 Kadıköy - Moda Nostaljik Tramvay Hattı,Mühürdar,Kadıköy
M1A Yenikapı - Atatürk Havalimanı Metro Hattı,Kocatepe,Bayrampaşa
T4 Topkapı - Mescid-i Selam Tramvay Hattı,Taşköprü,Gaziosmanpaşa
M6 Levent - Boğaziçi Ünv./Hisarüstü Metro Hattı,Etiler,Beşiktaş
Halkalı - Gebze Marmaray Yüzeysel Raylı Sistem Hattı,Suadiye,Kadıköy
Halkalı - Gebze Marmaray Yüzeysel Raylı Sistem Hattı,Bostancı,Kadıköy
M7 Yıldız - Mahmutbey Metro Hattı,Oruc Reis,Esenler
M7 Yıldız - Mahmutbey Metro Hattı,Çırçır,Eyüpsultan
Halkalı - Gebze Marmaray Yüzeysel Raylı Sistem Hattı,Mustafa Kemal,Küçükçekmece
T1 Kabataş - Bağcılar Tramvay Hattı,Sirkeci,Fatih
T1 Kabataş - Bağcılar Tramvay Hattı,Pazartekke,Fatih
M1B Yenikapı - Kirazlı Metro Hattı,Kirazlı,Bağcılar
M1A Yenikapı - Atatürk Havalimanı Metro Hattı,Bayrampaşa,Eyüpsultan
T5 Eminönü - Alibeyköy Cep Otogarı Tramvay Hattı,Eyüpsultan Teleferik,Eyüpsultan
M2 Yenikapı Seyrantepe - Hacıosman Metro Hattı,İTÜ Ayazağa,Sarıyer
M1A Yenikapı - Atatürk Havalimanı Metro Hattı,Yenikapı,Fatih
T3 Kadıköy - Moda Nostaljik Tramvay Hattı,Damga Sk.,Kadıköy
M2 Yenikapı Seyrantepe - Hacıosman Metro Hattı,Gayrettepe,Şişli
T4 Topkapı - Mescid-i Selam Tramvay Hattı,Edirnekapı,Eyüpsultan
T1 Kabataş - Bağcılar Tramvay Hattı,Kabataş,Beyoğlu
F1 Taksim - Kabataş Füniküler Hattı,Kabataş,Beyoğlu
T4 Topkapı - Mescid-i Selam Tramvay Hattı,Rami,Eyüpsultan
T4 Topkapı - Mescid-i Selam Tramvay Hattı,Ali Fuat Başgil,Gaziosmanpaşa
M1A Yenikapı - Atatürk Havalimanı Metro Hattı,Yenibosna,Bakırköy
M3 Kirazlı - Kayaşehir Merkez Metro Hattı,Mahmutbey,Bağcılar
T1 Kabataş - Bağcılar Tramvay Hattı,Aksaray,Fatih
T4 Topkapı - Mescid-i Selam Tramvay Hattı,Uluyol-Bereç,Gaziosmanpaşa
T4 Topkapı - Mescid-i Selam Tramvay Hattı,Hacı Şükrü,Sultangazi
T4 Topkapı - Mescid-i Selam Tramvay Hattı,Cebeci,Sultangazi
T1 Kabataş - Bağcılar Tramvay Hattı,Üniversite-Laleli,Fatih
Halkalı - Gebze Marmaray Yüzeysel Raylı Sistem Hattı,Yunus,Kartal
Halkalı - Gebze Marmaray Yüzeysel Raylı Sistem Hattı,Pendik,Pendik
M7 Yıldız - Mahmutbey Metro Hattı,Karadeniz Mah.,Gaziosmanpaşa
M5 Üsküdar - Çekmeköy Metro Hattı,Çakmak,Ümraniye
M7 Yıldız - Mahmutbey Metro Hattı,Kağıthane,Kağıthane
Halkalı - Gebze Marmaray Yüzeysel Raylı Sistem Hattı,İçmeler,Tuzla
M7 Yıldız - Mahmutbey Metro Hattı,Mecidiyeköy,Şişli
Halkalı - Gebze Marmaray Yüzeysel Raylı Sistem Hattı,Zeytinburnu,Zeytinburnu
M9 Bahariye - Olimpiyat Metro Hattı,Bahariye,Küçükçekmece
Halkalı - Gebze Marmaray Yüzeysel Raylı Sistem Hattı,Küçükçekmece,Küçükçekmece
Halkalı - Gebze Marmaray Yüzeysel Raylı Sistem Hattı,Florya Akvaryum,Bakırköy
Halkalı - Gebze Marmaray Yüzeysel Raylı Sistem Hattı,Süreyya Plajı,Maltepe
T3 Kadıköy - Moda Nostaljik Tramvay Hattı,Çarşı,Kadıköy
M2 Yenikapı Seyrantepe - Hacıosman Metro Hattı,Darüşşafaka,Sarıyer
M2 Yenikapı Seyrantepe - Hacıosman Metro Hattı,Atatürk Oto Sanayi,Sarıyer
M4 Kadıköy - SGH Metro Hattı,Maltepe,Maltepe
T3 Kadıköy - Moda Nostaljik Tramvay Hattı,Kilise,Kadıköy
T3 Kadıköy - Moda Nostaljik Tramvay Hattı,Moda İlkokulu,Kadıköy
T1 Kabataş - Bağcılar Tramvay Hattı,Çemberlitaş,Fatih
T1 Kabataş - Bağcılar Tramvay Hattı,Çapa,Fatih
T4 Topkapı - Mescid-i Selam Tramvay Hattı,Demirkapı,Eyüpsultan
T1 Kabataş - Bağcılar Tramvay Hattı,Haseki,Fatih
M1A Yenikapı - Atatürk Havalimanı Metro Hattı,Davutpaşa - YTÜ,Esenler
M4 Kadıköy - SGH Metro Hattı,Yenisahra,Kadıköy
F1 Taksim - Kabataş Füniküler Hattı,Taksim,Beyoğlu
T1 Kabataş - Bağcılar Tramvay Hattı,Sultanahmet,Fatih
T4 Topkapı - Mescid-i Selam Tramvay Hattı,Vatan,Eyüpsultan
M1A Yenikapı - Atatürk Havalimanı Metro Hattı,Bakırköy,Bakırköy
M2 Yenikapı Seyrantepe - Hacıosman Metro Hattı,Hacıosman,Sarıyer
M2 Yenikapı Seyrantepe - Hacıosman Metro Hattı,Vezneciler - İstanbul Ünv.,Fatih
M3 Kirazlı - Kayaşehir Merkez Metro Hattı,Yeni Mahalle,Bağcılar
T1 Kabataş - Bağcılar Tramvay Hattı,Bağcılar,Bağcılar
T4 Topkapı - Mescid-i Selam Tramvay Hattı,Mescid-i Selam,Sultangazi
M2 Yenikapı Seyrantepe - Hacıosman Metro Hattı,Haliç,
M4 Kadıköy - SGH Metro Hattı,Bostancı,Kadıköy
M5 Üsküdar - Çekmeköy Metro Hattı,Ümraniye,Ümraniye
M4 Kadıköy - SGH Metro Hattı,Tavşantepe,Pendik
M7 Yıldız - Mahmutbey Metro Hattı,Kazım Karabekir,Gaziosmanpaşa
Halkalı - Gebze Marmaray Yüzeysel Raylı Sistem Hattı,Ataköy,Bakırköy
M5 Üsküdar - Çekmeköy Metro Hattı,Fıstık Ağacı,Üsküdar
M7 Yıldız - Mahmutbey Metro Hattı,Veysel Karani  - Akşemsettin,Eyüpsultan
Halkalı - Gebze Marmaray Yüzeysel Raylı Sistem Hattı,Üsküdar,Üsküdar
M5 Üsküdar - Çekmeköy Metro Hattı,Bağlarbaşı,Üsküdar
Halkalı - Gebze Marmaray Yüzeysel Raylı Sistem Hattı,Yeşilköy,Bakırköy
Halkalı - Gebze Marmaray Yüzeysel Raylı Sistem Hattı,Maltepe,Maltepe
M7 Yıldız - Mahmutbey Metro Hattı,Yenimahalle,Gaziosmanpaşa
Halkalı - Gebze Marmaray Yüzeysel Raylı Sistem Hattı,Küçükyalı,Maltepe
Halkalı - Gebze Marmaray Yüzeysel Raylı Sistem Hattı,Florya,Bakırköy
Halkalı - Gebze Marmaray Yüzeysel Raylı Sistem Hattı,Ayrılık Çeşmesi,Kadıköy
T1 Kabataş - Bağcılar Tramvay Hattı,Fındıklı,Beyoğlu
T1 Kabataş - Bağcılar Tramvay Hattı,Karaköy,Beyoğlu
T1 Kabataş - Bağcılar Tramvay Hattı,Seyitnizam,Zeytinburnu
T1 Kabataş - Bağcılar Tramvay Hattı,Soğanlı,Güngören
M4 Kadıköy - SGH Metro Hattı,Kozyatağı,Ataşehir
T3 Kadıköy - Moda Nostaljik Tramvay Hattı,Moda,Kadıköy
T1 Kabataş - Bağcılar Tramvay Hattı,Yusufpaşa,Fatih
T4 Topkapı - Mescid-i Selam Tramvay Hattı,Şehitlik,Eyüpsultan
M1A Yenikapı - Atatürk Havalimanı Metro Hattı,Ataköy - Şirinevler,Bakırköy
M4 Kadıköy - SGH Metro Hattı,Huzurevi,Maltepe
T1 Kabataş - Bağcılar Tramvay Hattı,Merter Tekstil Merkezi,Bahçelievler
M1B Yenikapı - Kirazlı Metro Hattı,Menderes,Esenler
M3 Kirazlı - Kayaşehir Merkez Metro Hattı,İstoç,Bağcılar
M1B Yenikapı - Kirazlı Metro Hattı,Bağcılar Meydan,Bağcılar
M4 Kadıköy - SGH Metro Hattı,Kartal,Kartal
M6 Levent - Boğaziçi Ünv./Hisarüstü Metro Hattı,Levent,Şişli
M5 Üsküdar - Çekmeköy Metro Hattı,Bulgurlu,Üsküdar
Halkalı - Gebze Marmaray Yüzeysel Raylı Sistem Hattı,Sirkeci,Fatih
M7 Yıldız - Mahmutbey Metro Hattı,Tekstilkent - Giyimkent,Esenler
M5 Üsküdar - Çekmeköy Metro Hattı,Kısıklı,Üsküdar
Halkalı - Gebze Marmaray Yüzeysel Raylı Sistem Hattı,Atalar,Kartal
M7 Yıldız - Mahmutbey Metro Hattı,Çağlayan,Kağıthane
M5 Üsküdar - Çekmeköy Metro Hattı,Dudullu,Ümraniye
M1A Yenikapı - Atatürk Havalimanı Metro Hattı,Havaalanı,Bakırköy
M2 Yenikapı Seyrantepe - Hacıosman Metro Hattı,Taksim,Beyoğlu
T1 Kabataş - Bağcılar Tramvay Hattı,Zeytinburnu,Bakırköy
T1 Kabataş - Bağcılar Tramvay Hattı,Güneştepe,Güngören
M1B Yenikapı - Kirazlı Metro Hattı,Esenler,Esenler
M4 Kadıköy - SGH Metro Hattı,Gülsuyu,Maltepe
T1 Kabataş - Bağcılar Tramvay Hattı,Fındıkzade,Fatih
T5 Eminönü - Alibeyköy Cep Otogarı Tramvay Hattı,Balat,Fatih
T4 Topkapı - Mescid-i Selam Tramvay Hattı,Metris,Esenler
M4 Kadıköy - SGH Metro Hattı,Acıbadem,Kadıköy
M4 Kadıköy - SGH Metro Hattı,Ayrılık Çeşmesi,Kadıköy
M6 Levent - Boğaziçi Ünv./Hisarüstü Metro Hattı,Rumeli Hisarüstü,Sarıyer
M3 Kirazlı - Kayaşehir Merkez Metro Hattı,İkitelli Sanayi,Başakşehir
M3 Kirazlı - Kayaşehir Merkez Metro Hattı,Başakşehir - Metrokent,Başakşehir
M4 Kadıköy - SGH Metro Hattı,Küçükyalı,Maltepe
T4 Topkapı - Mescid-i Selam Tramvay Hattı,Sultançifliği,Sultangazi
M2 Yenikapı Seyrantepe - Hacıosman Metro Hattı,Şişhane - Zemin İstanbul,Beyoğlu
M4 Kadıköy - SGH Metro Hattı,Kadıköy,Kadıköy
M2 Yenikapı Seyrantepe - Hacıosman Metro Hattı,Şişli,Şişli
M5 Üsküdar - Çekmeköy Metro Hattı,Necip Fazıl,Ümraniye
Halkalı - Gebze Marmaray Yüzeysel Raylı Sistem Hattı,Kartal,Kartal
Halkalı - Gebze Marmaray Yüzeysel Raylı Sistem Hattı,Söğütlüçeşme,Kadıköy
M7 Yıldız - Mahmutbey Metro Hattı,Yeşilpınar,Eyüpsultan
M5 Üsküdar - Çekmeköy Metro Hattı,İmam Hatip,Ümraniye
Halkalı - Gebze Marmaray Yüzeysel Raylı Sistem Hattı,Kazlıçeşme,Zeytinburnu
M5 Üsküdar - Çekmeköy Metro Hattı,Altınşehir,Ümraniye
Halkalı - Gebze Marmaray Yüzeysel Raylı Sistem Hattı,Yenikapı,Fatih
M5 Üsküdar - Çekmeköy Metro Hattı,Altunizade,Üsküdar
M5 Üsküdar - Çekmeköy Metro Hattı,Ihlamurkuyu,Ümraniye
M5 Üsküdar - Çekmeköy Metro Hattı,Çekmeköy,Çekmeköy
Halkalı - Gebze Marmaray Yüzeysel Raylı Sistem Hattı,Göztepe,Kadıköy
Halkalı - Gebze Marmaray Yüzeysel Raylı Sistem Hattı,Tuzla,Tuzla
T3 Kadıköy - Moda Nostaljik Tramvay Hattı,İDO,Kadıköy
M4 Kadıköy - SGH Metro Hattı,Hastane - Adliye,Kartal
M2 Yenikapı Seyrantepe - Hacıosman Metro Hattı,Osmanbey,Şişli
M1A Yenikapı - Atatürk Havalimanı Metro Hattı,Topkapı - Ulubatlı,Fatih
M1A Yenikapı - Atatürk Havalimanı Metro Hattı,Merter,Güngören
T1 Kabataş - Bağcılar Tramvay Hattı,Cevizlibağ,Zeytinburnu
M4 Kadıköy - SGH Metro Hattı,Esenkent,Maltepe
M9 Bahariye - Olimpiyat Metro Hattı,Ziya Gökalp Mahallesi,Başakşehir
M6 Levent - Boğaziçi Ünv./Hisarüstü Metro Hattı,Nispetiye,Beşiktaş
M3 Kirazlı - Kayaşehir Merkez Metro Hattı,Turgut Özal,Başakşehir
M1A Yenikapı - Atatürk Havalimanı Metro Hattı,Emniyet - Fatih,Fatih
T4 Topkapı - Mescid-i Selam Tramvay Hattı,Bosna Çukurçeşme,Bayrampaşa
M4 Kadıköy - SGH Metro Hattı,Göztepe,Üsküdar
T1 Kabataş - Bağcılar Tramvay Hattı,Akşemsettin,Zeytinburnu
M2 Yenikapı Seyrantepe - Hacıosman Metro Hattı,Yenikapı,Fatih
M1B Yenikapı - Kirazlı Metro Hattı,Üçyüzlü,Bağcılar
T1 Kabataş - Bağcılar Tramvay Hattı,Beyazıt,Fatih
M1A Yenikapı - Atatürk Havalimanı Metro Hattı,Zeytinburnu,Bakırköy
T4 Topkapı - Mescid-i Selam Tramvay Hattı,Cumhuriyet Mah.,Esenler
M1A Yenikapı - Atatürk Havalimanı Metro Hattı,Dünya  Ticaret Merkezi,Bakırköy
M5 Üsküdar - Çekmeköy Metro Hattı,Yamanevler,Ümraniye
Halkalı - Gebze Marmaray Yüzeysel Raylı Sistem Hattı,Feneryolu,Kadıköy
Halkalı - Gebze Marmaray Yüzeysel Raylı Sistem Hattı,Kaynarca,Pendik
M7 Yıldız - Mahmutbey Metro Hattı,Nurtepe,Kağıthane
Halkalı - Gebze Marmaray Yüzeysel Raylı Sistem Hattı,Aydıntepe,Tuzla
Halkalı - Gebze Marmaray Yüzeysel Raylı Sistem Hattı,Cevizli,Kartal
Halkalı - Gebze Marmaray Yüzeysel Raylı Sistem Hattı,Yenimahalle,Bakırköy
M7 Yıldız - Mahmutbey Metro Hattı,Alibeyköy,Eyüpsultan
Halkalı - Gebze Marmaray Yüzeysel Raylı Sistem Hattı,Başak,Kartal
T1 Kabataş - Bağcılar Tramvay Hattı,Eminönü,Fatih
T4 Topkapı - Mescid-i Selam Tramvay Hattı,Topçular,Eyüpsultan
M1A Yenikapı - Atatürk Havalimanı Metro Hattı,Bahçelievler,Bahçelievler
M1A Yenikapı - Atatürk Havalimanı Metro Hattı,Terazidere,Esenler
T3 Kadıköy - Moda Nostaljik Tramvay Hattı,İskele,Kadıköy
M1A Yenikapı - Atatürk Havalimanı Metro Hattı,Sağmalcılar,Bayrampaşa
T4 Topkapı - Mescid-i Selam Tramvay Hattı,50.Yıl,Esenler
M2 Yenikapı Seyrantepe - Hacıosman Metro Hattı,Sanayi Mah.,Beşiktaş
M5 Çekmeköy-Sultanbeyli Metro Hattı Uzatması,Sarıgazi,Sancaktepe
M8 Bostancı - Dudullu Metro Hattı,Mevlana,Ataşehir
M7 Yıldız - Mahmutbey Metro Hattı,Fulya,Beşiktaş
M7 (U2) Kabataş - Mecidiyeköy Metro Hattı,Beşiktaş,Beşiktaş
M7 Yıldız - Mahmutbey Metro Hattı,Yıldız,Beşiktaş
M7 (U4) Mahmutbey - Bahçeşehir- Esenyurt Metro Hattı,Esenyurt Meydanı,Esenyurt
M2 Yenikapı Seyrantepe - Hacıosman Metro Hattı,Seyrantepe,Sarıyer
T1 Kabataş - Bağcılar Tramvay Hattı,Akıncılar,Güngören
T5 Eminönü - Alibeyköy Cep Otogarı Tramvay Hattı,Ayvansaray,Fatih
T5 Eminönü - Alibeyköy Cep Otogarı Tramvay Hattı,Eyüpsultan Devlet Hastanesi,Eyüpsultan
T5 Eminönü - Alibeyköy Cep Otogarı Tramvay Hattı,Silahtarağa Mahallesi,Eyüpsultan
F2 Karaköy - Beyoğlu Tünel Füniküler Hattı,Karaköy,Beyoğlu
F2 Karaköy - Beyoğlu Tünel Füniküler Hattı,Tünel,Beyoğlu
M9 Bahariye - Olimpiyat Metro Hattı,İkitelli Sanayi,Başakşehir
Halkalı - Gebze Marmaray Yüzeysel Raylı Sistem Hattı,Çayırova,
Halkalı - Gebze Marmaray Yüzeysel Raylı Sistem Hattı,Fatih,
Halkalı - Gebze Marmaray Yüzeysel Raylı Sistem Hattı,Osmangazi,
Halkalı - Gebze Marmaray Yüzeysel Raylı Sistem Hattı,Darıca,
Halkalı - Gebze Marmaray Yüzeysel Raylı Sistem Hattı,Gebze,
TF2 Eyüp - Pier Loti Teleferik Hattı,Pier Loti,Eyüpsultan
TF2 Eyüp - Pier Loti Teleferik Hattı,Eyüp,Eyüpsultan
TF1 Maçka - Taşkışla Teleferik Hattı,Maçka,Şişli
TF1 Maçka - Taşkışla Teleferik Hattı,Taşkışla,Şişli
M11 Gayrettepe - İstanbul Havalimanı Metro Hattı,Hasdal,Eyüpsultan
M11 Gayrettepe - İstanbul Havalimanı Metro Hattı,Yeni Havalimanı - 2,Arnavutköy
M11 Gayrettepe - İstanbul Havalimanı Metro Hattı,Yeni Havalimanı - 3,Arnavutköy
M11 Gayrettepe - İstanbul Havalimanı Metro Hattı,Yeni Havalimanı - 1,Arnavutköy
M11 Gayrettepe - İstanbul Havalimanı Metro Hattı,Göktürk,Eyüpsultan
M11 Gayrettepe - İstanbul Havalimanı Metro Hattı,İhsaniye,Eyüpsultan
M11 Gayrettepe - İstanbul Havalimanı Metro Hattı,Kemerburgaz,Eyüpsultan
M11 Gayrettepe - İstanbul Havalimanı Metro Hattı,Kağıthane,Kağıthane
F4 Rumeli Hisarüstü - Aşiyan Füniküler Hattı,Rumeli Hisarüstü,Beşiktaş
F4 Rumeli Hisarüstü - Aşiyan Füniküler Hattı,Aşiyan,Beşiktaş
M9 (U1) Ataköy -  Bahariye Hattı,Atatürk Mahallesi,Küçükçekmece
"M10 Pendik - SGH Metro Hattı, Pendik - Fevzi Çakmak Etabı",Kaynarca Merkez,Pendik
"M10 Pendik - SGH Metro Hattı, Pendik - Fevzi Çakmak Etabı",Pendik,Pendik
Gayrettepe - İstanbul Havalimanı Metro Hattı,Gayrettepe,Şişli
M5 Çekmeköy-Sultanbeyli Metro Hattı Uzatması,Veysel Karani,Sancaktepe
M5 Çekmeköy-Sultanbeyli Metro Hattı Uzatması,Sancaktepe Şehir Hastanesi,Sancaktepe
M5 Çekmeköy-Sultanbeyli Metro Hattı Uzatması,Sultanbeyli,Sultanbeyli
M5 Çekmeköy-Sultanbeyli Metro Hattı Uzatması,Hasanpaşa,Sultanbeyli
M5 Çekmeköy-Sultanbeyli Metro Hattı Uzatması,Sancaktepe,Sancaktepe
M5 Çekmeköy-Sultanbeyli Metro Hattı Uzatması,Meclis,Sancaktepe
M5 Çekmeköy-Sultanbeyli Metro Hattı Uzatması,Samandıra Merkez,Sancaktepe
M4 Tavşantepe - Tuzla Metro Hattı Uzatması,Kaynarca Merkez,Pendik
M4 Tavşantepe - Tuzla Metro Hattı Uzatması,Esenyalı,Pendik
M4 Tavşantepe - Tuzla Metro Hattı Uzatması,Çamçeşme,Pendik
M4 Tavşantepe - Tuzla Metro Hattı Uzatması,Kavakpınar,Pendik
M4 Tavşantepe - Tuzla Metro Hattı Uzatması,Aydıntepe,Pendik
M4 Tavşantepe - Tuzla Metro Hattı Uzatması,İçmeler,Tuzla
M4 Kadıköy - SGH Metro Hattı,Sabiha Gökçen,Pendik
M4 Kadıköy - SGH Metro Hattı,Kurtköy,Pendik
M4 Kadıköy - SGH Metro Hattı,Yayalar - Şeyhli,Pendik
M4 Kadıköy - SGH Metro Hattı,Fevzi Çakmak - Hastane,Pendik
M8 Bostancı - Dudullu Metro Hattı,İmes,Ümraniye
M8 Bostancı - Dudullu Metro Hattı,Parseller,Ümraniye
M8 Bostancı - Dudullu Metro Hattı,Huzur,Ümraniye
M3 Kirazlı-Bakırköy İDO Metro Hattı Uzatması,Haznedar,Bahçelievler
M1B (U2) Kirazlı - Halkalı Metro Hattı,Malazgirt,Bahçelievler
M1B (U2) Kirazlı - Halkalı Metro Hattı,Barbaros,Bağcılar
M3 Kirazlı-Bakırköy İDO Metro Hattı Uzatması,Molla Gürani,Bağcılar
M3 Kirazlı-Bakırköy İDO Metro Hattı Uzatması,Yıldıztepe,Bağcılar
M1B (U2) Kirazlı - Halkalı Metro Hattı,Fatih,Küçükçekmece
M3 Kirazlı-Bakırköy İDO Metro Hattı Uzatması,İncirli,Bakırköy
M3 Kirazlı-Bakırköy İDO Metro Hattı Uzatması,Özgürlük Meydanı,Bakırköy
T5 Eminönü - Alibeyköy Cep Otogarı Tramvay Hattı,Küçükpazar,Fatih
M9 Bahariye - Olimpiyat Metro Hattı,Masko,Başakşehir
M9 (U1) Ataköy -  Bahariye Hattı,15 Temmuz,Bağcılar
M9 (U1) Ataköy -  Bahariye Hattı,Çobançeşme - Kuyumcukent,Bahçelievler
M9 (U1) Ataköy -  Bahariye Hattı,Halkalı Caddesi,Küçükçekmece
M9 (U1) Ataköy -  Bahariye Hattı,Doğu Sanayi,Bahçelievler
M9 (U1) Ataköy -  Bahariye Hattı,Mimar Sinan,Bağcılar
M9 (U1) Ataköy -  Bahariye Hattı,Yenibosna,Bakırköy
M9 (U1) Ataköy -  Bahariye Hattı,Ataköy,Bakırköy
M9 (U1) Ataköy -  Bahariye Hattı,İhlas Yuva,Bahçelievler
M8 Bostancı - Dudullu Metro Hattı,İçerenköy,Ataşehir
M8 Bostancı - Dudullu Metro Hattı,Kozyatağı,Ataşehir
M8 Bostancı - Dudullu Metro Hattı,Ayşe Kadın,Kadıköy
M8 Bostancı - Dudullu Metro Hattı,Bostancı,Maltepe
M8 Bostancı - Dudullu Metro Hattı,Emin Ali Paşa,Kadıköy
M8 Bostancı - Dudullu Metro Hattı,Kayışdağı,Ataşehir
M8 Bostancı - Dudullu Metro Hattı,Dudullu,Ümraniye
M8 Bostancı - Dudullu Metro Hattı,Küçükbakkalköy,Ataşehir
M8 Bostancı - Dudullu Metro Hattı,Modoko - Keyap,Ümraniye
M7 (U2) Kabataş - Mecidiyeköy Metro Hattı,Kabataş,Beyoğlu
M7 (U3) Mahmutbey - Bahçeşehir- Esenyurt Metro Hattı,Atatürk Mahallesi,Küçükçekmece
M7 (U4) Mahmutbey - Bahçeşehir- Esenyurt Metro Hattı,Ispartakule,Avcılar
M7 (U3) Mahmutbey - Bahçeşehir- Esenyurt Metro Hattı,Hastane,Küçükçekmece
M7 (U4) Mahmutbey - Bahçeşehir- Esenyurt Metro Hattı,Tahtakale,Avcılar
M7 (U3) Mahmutbey - Bahçeşehir- Esenyurt Metro Hattı,Toplu Konut,Küçükçekmece
M7 (U4) Mahmutbey - Bahçeşehir- Esenyurt Metro Hattı,Bahçeşehir,Başakşehir
M7 (U3) Mahmutbey - Bahçeşehir- Esenyurt Metro Hattı,Tema Park,Küçükçekmece
M7 (U4) Mahmutbey - Bahçeşehir- Esenyurt Metro Hattı,Ardıçlı,Esenyurt
M7 (U4) Mahmutbey - Bahçeşehir- Esenyurt Metro Hattı,Esenkent,Esenyurt
M3 Kirazlı-Bakırköy İDO Metro Hattı Uzatması,Bakırköy İDO,Bakırköy
M3 Kirazlı-Bakırköy İDO Metro Hattı Uzatması,İlkyuva,Bahçelievler
M1B (U2) Kirazlı - Halkalı Metro Hattı,Halkalı,Küçükçekmece
T5 Eminönü - Alibeyköy Cep Otogarı Tramvay Hattı,Eminönü,Fatih
M11 Halkalı - İstanbul Havalimanı Metro Hattı,Halkalı,Küçükçekmece
M1B (U2) Kirazlı - Halkalı Metro Hattı,Mehmet Akif Ersoy,Küçükçekmece
Halkalı - Arnavutköy - Yeni Havalimanı Metro Hattı,Tema Park,Küçükçekmece
M11 Halkalı - İstanbul Havalimanı Metro Hattı,Kayaşehir Merkez,Başakşehir
M1B (U2) Kirazlı - Halkalı Metro Hattı,Bezirganbahçe,Küçükçekmece
M11 Halkalı - İstanbul Havalimanı Metro Hattı,Olimpiyat,Başakşehir
M1B (U2) Kirazlı - Halkalı Metro Hattı,Halkalı - Üniversite,Küçükçekmece
M1B (U2) Kirazlı - Halkalı Metro Hattı,Yenidoğan,Küçükçekmece
M11 Halkalı - İstanbul Havalimanı Metro Hattı,Fenertepe,Başakşehir
M11 Halkalı - İstanbul Havalimanı Metro Hattı,Arnavutköy -2,Arnavutköy
M11 Halkalı - İstanbul Havalimanı Metro Hattı,Arnavutköy - 1,Arnavutköy
M1B (U2) Kirazlı - Halkalı Metro Hattı,Mimar Sinan,Bağcılar
M3 Kirazlı - Kayaşehir Merkez Metro Hattı,Onurkent,Başakşehir
M3 Kirazlı - Kayaşehir Merkez Metro Hattı,Şehir Hastanesi,Başakşehir
M3 Kirazlı - Kayaşehir Merkez Metro Hattı,Toplu Konutlar,Başakşehir
M3 Kirazlı - Kayaşehir Merkez Metro Hattı,Kayaşehir Merkez,Başakşehir
M12 Göztepe-Ümraniye Metro Hattı,Göztepe 60. Yıl Parkı,Kadıköy
M12 Göztepe-Ümraniye Metro Hattı,Çarşı,Ümraniye
M12 Göztepe-Ümraniye Metro Hattı,Atakent,Ümraniye
M12 Göztepe-Ümraniye Metro Hattı,Yeni Sahra,Ataşehir
M12 Göztepe-Ümraniye Metro Hattı,Finans Merkezi,Ümraniye
M12 Göztepe-Ümraniye Metro Hattı,Sahrayıcedit,Kadıköy
M12 Göztepe-Ümraniye Metro Hattı,SBÜ Hastanesi,Ümraniye
M12 Göztepe-Ümraniye Metro Hattı,Site,Ümraniye
M12 Göztepe-Ümraniye Metro Hattı,Ataşehir,Ataşehir
M12 Göztepe-Ümraniye Metro Hattı,Göztepe,Kadıköy
M12 Göztepe-Ümraniye Metro Hattı,Kazım Karabekir,Ümraniye
M7 (U3) Mahmutbey - Bahçeşehir- Esenyurt Metro Hattı,Bölge Parkı,Bağcılar
T5 Eminönü - Alibeyköy Cep Otogarı Tramvay Hattı,Feshane,Eyüpsultan
